target_owner	sha256	path
Allocation	4bd5565659f52ea3cdd2410a1986548393fa7fb9cf5609b0b114a92399169509	backend/inventory-context/src/main/java/com/flowzati/archone/inventory/allocation/assignment/application/AssignmentQueueKey.java
Reservation	e376a26edfb2bc72e7aec429b36d4c8f95c575d4e388c759f065699e9ac88b15	backend/inventory-context/src/main/java/com/flowzati/archone/inventory/allocation/assignment/application/MoveQuantAllocationSet.java
Reservation	ed8e434cb401058e6974336ba30772a4eb1aeac0763f24b84dff17bacf2efc7e	backend/inventory-context/src/main/java/com/flowzati/archone/inventory/allocation/assignment/application/StaleStockAllocationProposalException.java
Reservation	e41684d00ca750b4018f46ae68ba738aa6b36d5c0d0629553a909f83e48f482c	backend/inventory-context/src/main/java/com/flowzati/archone/inventory/allocation/assignment/application/StockAllocationCommitter.java
Allocation	03536059898cbddac9400a1c48956c74a8f755e184b54dab37e3a6cd6809b08d	backend/inventory-context/src/main/java/com/flowzati/archone/inventory/allocation/assignment/application/StockOperationAssignmentCandidate.java
Reservation	a755ab818417edb8ab234e9ac313a292bd15543986aa1311f1906a6a742527a9	backend/inventory-context/src/main/java/com/flowzati/archone/inventory/allocation/assignment/application/StockOperationAssignmentCoordinator.java
Reservation	f71c3511a275e274fb5df9ecb45c3ed388bcba378274f9dc05ce8ee038f62127	backend/inventory-context/src/main/java/com/flowzati/archone/inventory/allocation/assignment/application/StockOperationAssignmentResult.java
Reservation	5151fe1f4f34bcfe37a37c59c0cb38fcda9469c7885398c06c30da75165268c3	backend/inventory-context/src/main/java/com/flowzati/archone/inventory/allocation/assignment/application/StockOperationAssignmentResultFactory.java
Allocation	a973a532db99857cbbecfd4145253606cf45662a54e138eb4282de6068d69da4	backend/inventory-context/src/main/java/com/flowzati/archone/inventory/allocation/assignment/application/StockOperationBacklogReconciler.java
Movement	f40db84ce99b441c694b5405ff1e1bf19ad65f149036748888528f0f6d827a12	backend/inventory-context/src/main/java/com/flowzati/archone/inventory/allocation/assignment/application/StockOperationComposite.java
Movement	5b1300664d7f08087e94c3dfa0c24005bd7c9eefa20df1c1b5b26316a98e7971	backend/inventory-context/src/main/java/com/flowzati/archone/inventory/allocation/assignment/application/StockOperationLifecycleSnapshot.java
Allocation	5c3d5d06fd149368a98d15dc21999b58cdf11a48f5eb1b8cb3dff431035c49bc	backend/inventory-context/src/main/java/com/flowzati/archone/inventory/allocation/assignment/application/StockOperationPredecessor.java
Allocation	5660abae0b1a960fca430a6235a11d50b026e812e5cfff93dfb4d250f773d63b	backend/inventory-context/src/main/java/com/flowzati/archone/inventory/allocation/assignment/application/port/StockAllocationSupplyRepository.java
Allocation	b306fbe7c911aeb5523a2fc3c3c5ec90b1c704273841bb3c242e773240e7765b	backend/inventory-context/src/main/java/com/flowzati/archone/inventory/allocation/assignment/application/port/StockOperationAssignmentBacklogRepository.java
Allocation	1b2484914f236ced8ef2b89a3a070318dc0e2d4739b17c1e6aedce9b13525451	backend/inventory-context/src/main/java/com/flowzati/archone/inventory/allocation/assignment/application/port/StockOperationAssignmentCandidateRepository.java
Reservation	5bc866180a8ed95b20e0e6bbca655113e1604c21336db1b21a15b9e91c6dcd00	backend/inventory-context/src/main/java/com/flowzati/archone/inventory/allocation/assignment/application/port/StockOperationAssignmentPublisher.java
Allocation	01b07048f8afda23214fda949421299370fd65274ad4b87dbfec21944504099e	backend/inventory-context/src/main/java/com/flowzati/archone/inventory/allocation/assignment/domain/MovementAssignmentPlanner.java
Allocation	a293b7676591196810fdad2bb0f3c3dd0338b8b8ff4770ec560a7bd15835bf41	backend/inventory-context/src/main/java/com/flowzati/archone/inventory/allocation/assignment/domain/ProposedMoveLine.java
Allocation	000fb7fb6bb415ea61c45b5e7558af0b15716fed9d5c52c534b3e0c55425683d	backend/inventory-context/src/main/java/com/flowzati/archone/inventory/allocation/assignment/domain/SkuQuantities.java
Allocation	0e208630508b9cb89f6c1057239c4eb87a27adbf71769f19654be06fcac1e27f	backend/inventory-context/src/main/java/com/flowzati/archone/inventory/allocation/assignment/domain/StockAllocationPlanner.java
Allocation	91580af1619af859a1d23b16901bfcbfb213ff0ed226ced32175b3d2770201c3	backend/inventory-context/src/main/java/com/flowzati/archone/inventory/allocation/assignment/domain/StockAllocationProposal.java
Allocation	4f74b3d2de41e3df3210243775d88508e3faf5ff7431788525139e5e34529d4b	backend/inventory-context/src/main/java/com/flowzati/archone/inventory/allocation/assignment/domain/StockAllocationSupply.java
Allocation	c05cae23083605f90badceaab0f3cd042f16cf419fe5fd2190e97514fc7c6239	backend/inventory-context/src/main/java/com/flowzati/archone/inventory/allocation/assignment/domain/StockMoveDemand.java
Allocation	76a72a2a9c461166387ae775e102a5b725224ccbb8249a5f5911276025238f44	backend/inventory-context/src/main/java/com/flowzati/archone/inventory/allocation/assignment/domain/StockOperationDemand.java
Allocation	53929fe16890796d7f697e4b98bc74843dd4d59aee209602d2aeef7c2d620155	backend/inventory-context/src/main/java/com/flowzati/archone/inventory/allocation/assignment/domain/StockQuantSupply.java
Reservation	ffe9edb014aac2c6ead02ae90912686120431847b7b5431cd87d8d53cc8f821c	backend/inventory-context/src/main/java/com/flowzati/archone/inventory/allocation/assignment/entrypoint/AllocationInventoryAvailabilityEventConsumer.java
Reservation	d8017bac7ce8416465c5b9ebca3daf70bc7003cc2e8a1a8919a27f62d88f3e1c	backend/inventory-context/src/main/java/com/flowzati/archone/inventory/allocation/assignment/entrypoint/StockOperationBacklogReconciliationScheduler.java
Reservation	fd142ceb5c2195fa2a270b0d10a8d23c148a88f62f9b6e56bbf630711ca8c2e6	backend/inventory-context/src/main/java/com/flowzati/archone/inventory/allocation/assignment/infrastructure/AssignmentRetryConflictTranslator.java
Reservation	2f3edf7e8d1d594d547a9b4906527a91a288c8f9571d74459cc3ea2bd562e999	backend/inventory-context/src/main/java/com/flowzati/archone/inventory/allocation/assignment/infrastructure/JdbcStockAllocationSupplyRepository.java
Reservation	66d5db3ae05592c726134fa475824530c0e59786c85fa663f9833a8b7185cf28	backend/inventory-context/src/main/java/com/flowzati/archone/inventory/allocation/assignment/infrastructure/JdbcStockOperationAssignmentBacklogRepository.java
Allocation	ea8b75f33784bec6ad079da49b6b3907045df2f40f40f9c5574791a0514a4d34	backend/inventory-context/src/main/java/com/flowzati/archone/inventory/allocation/assignment/infrastructure/JdbcStockOperationAssignmentCandidateRepository.java
Reservation	416c10ca66fc2d1af972edbe9f3e5b74b9476b559ccf41e2f6985825ec7f0aba	backend/inventory-context/src/main/java/com/flowzati/archone/inventory/allocation/assignment/infrastructure/OrderStockOperationAssignedPublicationFactory.java
Reservation	110c22011a942a5b1d02fe3d44e73ffb1cc69c0fff4b60212069b6d82853c6e6	backend/inventory-context/src/main/java/com/flowzati/archone/inventory/allocation/assignment/infrastructure/StockAllocationDomainConfiguration.java
Reservation	64310f0cf148cdfa17f47333dc73a3d2f8c01b0c746cece9752c59bfe456d8c2	backend/inventory-context/src/main/java/com/flowzati/archone/inventory/allocation/assignment/infrastructure/StockOperationAssignmentPublisherAdapter.java
Movement	cd7ed4bd6aaab21f86b20bb6e878287733bb0e280c9f92ee168e37c290031bd4	backend/inventory-context/src/main/java/com/flowzati/archone/inventory/allocation/cancellation/application/CancelSourceStockMovementsCommand.java
Movement	4849b856b450c8119c57d9e59b012a407f6147b664c9331acfe1c390a98b629d	backend/inventory-context/src/main/java/com/flowzati/archone/inventory/allocation/cancellation/application/CancelSourceStockMovementsUsecase.java
Movement	c403b664ac6f1aa715df39e219a8fcd739268d61c73a03e0e626dcae5a400b02	backend/inventory-context/src/main/java/com/flowzati/archone/inventory/allocation/cancellation/application/CancelStockOperationCommand.java
Movement	25b106a6e0b634f491236ae03d7a0499f0355c5ecfc984bc3697b27c7970a542	backend/inventory-context/src/main/java/com/flowzati/archone/inventory/allocation/cancellation/application/CancelStockOperationUsecase.java
Movement	86db7ad50cee03b6a567e4006d48bb954f04dd8a69f94141fb3d35aba6d4e391	backend/inventory-context/src/main/java/com/flowzati/archone/inventory/allocation/cancellation/application/StockOperationCancellationStatus.java
Movement	b73eb51e6deb1c9329b352520fe5f952609a2cfada02dc5f6c78b0c56100c4fd	backend/inventory-context/src/main/java/com/flowzati/archone/inventory/allocation/cancellation/application/StockOperationCancellationTransactions.java
Movement	a6f4ef047822a6edf684545b80074b58e5ef266d9aafd52994db87d3ff8221a0	backend/inventory-context/src/main/java/com/flowzati/archone/inventory/allocation/cancellation/application/WarehouseCancellationCheckpoint.java
Movement	74dff62320287f81042a55b441a81f394e62d0dfdd8e5e3066e669478db29448	backend/inventory-context/src/main/java/com/flowzati/archone/inventory/allocation/cancellation/application/port/WarehouseExecutionCancellationCoordinator.java
Movement	b48c08187b39367a009c9382a3ec374d05af7cab378abb66022f2d87d523dccd	backend/inventory-context/src/main/java/com/flowzati/archone/inventory/allocation/cancellation/domain/AllocationCancellationState.java
Movement	1fafeb2a3bb35188861b315e88604c146826f5fbd4a231978360e08eab87f613	backend/inventory-context/src/main/java/com/flowzati/archone/inventory/allocation/cancellation/domain/StockOperationCancellation.java
Movement	0b8edb2796da9389217d99512ce7178757c2cd26328cc4cfa9c4fef63a69bb14	backend/inventory-context/src/main/java/com/flowzati/archone/inventory/allocation/cancellation/domain/StockOperationCancellationRepository.java
Movement	2ef94378e301e0899c27387622c5ef3fa2129dfaa7f119aafcb8c933324495dd	backend/inventory-context/src/main/java/com/flowzati/archone/inventory/allocation/cancellation/entrypoint/AllocationOrderCancellationEventConsumer.java
Movement	4403c2d2b994bc0fe757ed814948194ee5b8d757a4a63201f6ffe624336e2925	backend/inventory-context/src/main/java/com/flowzati/archone/inventory/allocation/cancellation/infrastructure/JpaStockOperationCancellationRepository.java
Movement	5d59eb923d3b37481c5d70acad8e4ca016e7ef053dc6cf7e0ecdff6f99b92b7c	backend/inventory-context/src/main/java/com/flowzati/archone/inventory/allocation/cancellation/infrastructure/RejectingExecutionCancellationAdapter.java
Movement	aeaaecd0915549704bbfc8324acd7c7379226eeec684fdd71761a519b4d1b88e	backend/inventory-context/src/main/java/com/flowzati/archone/inventory/allocation/cancellation/infrastructure/StockOperationCancellationEntity.java
Movement	3fb61c5a3e722267872c036493ee028af8547f71e7cbdfef30ea83deca65a6fb	backend/inventory-context/src/main/java/com/flowzati/archone/inventory/allocation/cancellation/infrastructure/StockOperationCancellationKey.java
Movement	60cad80cebd7d93f14f849631acfd90cb34efd8a795235877d6fc18b691e3b06	backend/inventory-context/src/main/java/com/flowzati/archone/inventory/allocation/cancellation/infrastructure/StockOperationCancellationMapper.java
Movement	704766dfd1475a9b056cbc3068d102352f14df4d151a422810753ca11b2dd0e0	backend/inventory-context/src/main/java/com/flowzati/archone/inventory/allocation/cancellation/infrastructure/StockOperationCancellationRepositoryImpl.java
Reservation	27322a2a3e9b29377cd23d03765342bb32ecb71cbf4c676763a72226a52c05e2	backend/inventory-context/src/main/java/com/flowzati/archone/inventory/allocation/intake/application/AllocateOrderCommand.java
Reservation	57c5392b6ae6c7ac559e0efa56d3121d7528c9efe8a3c2d03632dd82678f550a	backend/inventory-context/src/main/java/com/flowzati/archone/inventory/allocation/intake/application/AllocateOrderUsecase.java
Reservation	b3154394be83d4fda0805da68e7c7c3c20d0f57a310dff284ca4924bcfa5dff6	backend/inventory-context/src/main/java/com/flowzati/archone/inventory/allocation/intake/application/port/OrderStockMovementSource.java
Reservation	ba36d28aa494d895443bd6117e7d84f2be8d691b3bbc4aa073c3d952c8cbcb11	backend/inventory-context/src/main/java/com/flowzati/archone/inventory/allocation/intake/entrypoint/AllocationOrderPlacedEventConsumer.java
Reservation	ea8dd65e158c4596d077030a58bb3cfad3389d945330d13e0a738433407d4012	backend/inventory-context/src/main/java/com/flowzati/archone/inventory/allocation/intake/infrastructure/JpaOrderAllocationSourceRepository.java
Reservation	1af3bcfdce11e78bdf8322963ed23dd0ce9324eafe298d3ef0b71dcb3be29531	backend/inventory-context/src/main/java/com/flowzati/archone/inventory/allocation/intake/infrastructure/OrderAllocationSourceLineEntity.java
Reservation	7d30a8c88b6ec3cc318384c7649f975f32c48299d82554176417b7ac51617230	backend/inventory-context/src/main/java/com/flowzati/archone/inventory/allocation/intake/infrastructure/OrderStockMovementAdapter.java
Movement	abace507bdc0bafba276f518438eb48ec377e40dc0258e83b2f58276163bcdcd	backend/inventory-context/src/main/java/com/flowzati/archone/inventory/allocation/lifecycle/application/CompleteSourceStockMovementsCommand.java
Movement	a5662cf0742252822597880eb16567eb4a563675b85bf4b716fb00f8d56e7a63	backend/inventory-context/src/main/java/com/flowzati/archone/inventory/allocation/lifecycle/application/CompleteSourceStockMovementsUsecase.java
Movement	aeeb8b7ac38e8ae0c8c0f47ca96fa7b9df2f055d4323b717949f238dcf9f7ab0	backend/inventory-context/src/main/java/com/flowzati/archone/inventory/allocation/lifecycle/application/CompleteStockOperationUsecase.java
Reservation	68624cea374de22c7946dcbf9e7ca216f62d54bdb45f9b400fb300df9a9a3a5d	backend/inventory-context/src/main/java/com/flowzati/archone/inventory/allocation/lifecycle/application/ReleaseStockOperationUsecase.java
Movement	468d996e141f5de4870bb1592ce7ff8bcb1c29f6a23f2abc0eb34034e0899efd	backend/inventory-context/src/main/java/com/flowzati/archone/inventory/allocation/lifecycle/application/SourceStockMovementsCompletionResult.java
Movement	42c4eb06be2ed3fb687c9aa3e84d692cdc229b534db22fc555b0cfa516cdb991	backend/inventory-context/src/main/java/com/flowzati/archone/inventory/allocation/lifecycle/application/StockOperationLifecycleAction.java
Movement	514d54eabfaab3e3fd538686631c36abedf23453026b56649e0af8dc7afa1c33	backend/inventory-context/src/main/java/com/flowzati/archone/inventory/allocation/lifecycle/application/port/StockOperationLifecyclePublisher.java
Movement	b08c25393770414866880126dbcdb07b27e0a72b8a1c79313e944bedf3ba1d83	backend/inventory-context/src/main/java/com/flowzati/archone/inventory/allocation/lifecycle/entrypoint/OutboundFulfillmentEventSubscriptions.java
Movement	174bb79175d4a7da950d4f93a3e3de73c17b66330950e3b995199e5d240ba81e	backend/inventory-context/src/main/java/com/flowzati/archone/inventory/allocation/lifecycle/entrypoint/ShipmentHandoverEventConsumer.java
Movement	dbee71e708a9a7597bec6ae45256935464ce97c5e02adb4ea19514cab7b44684	backend/inventory-context/src/main/java/com/flowzati/archone/inventory/allocation/lifecycle/infrastructure/StockOperationLifecyclePublicationFactory.java
Movement	c26343708095aa16a6e280fc33c698727633f5fd9aca07463c9025bcb51fce91	backend/inventory-context/src/main/java/com/flowzati/archone/inventory/allocation/lifecycle/infrastructure/StockOperationLifecyclePublisherAdapter.java
Cross-domain Entrypoint	a1bc78573f67bb8f877385f270bc887ae0b6f2a9ee513c860acb04e4ad30d616	backend/inventory-context/src/main/java/com/flowzati/archone/inventory/allocation/support/entrypoint/AllocationEventSubscriptions.java
Technical Infrastructure	4ccac0a56cfb21ab729822d529573ec265314ce76698514c005336ce6caf2c63	backend/inventory-context/src/main/java/com/flowzati/archone/inventory/allocation/support/infrastructure/AllocationOptimisticLockRetryObserver.java
Position	7b307de4483a6a6e54bb88d4ebd74bd61bbb9453bd60d8b4ef94188179f75d27	backend/inventory-context/src/main/java/com/flowzati/archone/inventory/balance/onhand/domain/StockQuant.java
Position	4eff530ec6d6abe3c6cfe90a0c0db5d65e846aaf1af872501649d01539de407b	backend/inventory-context/src/main/java/com/flowzati/archone/inventory/balance/onhand/domain/StockQuantRepository.java
Position	2d0e20a497de62c4d4c666c1991447057ba64dfce7e2336e5fe515faf65326d6	backend/inventory-context/src/main/java/com/flowzati/archone/inventory/balance/onhand/domain/StockWriteOrder.java
Position	ecf55f79b676003b04a276cdf356bc0b179d63a773ea6b32ee0814ee6df0f092	backend/inventory-context/src/main/java/com/flowzati/archone/inventory/balance/onhand/infrastructure/JpaStockQuantRepository.java
Position	7e6d238f07f46bba899a012b049c28006d63a16e645def6190e0d0a0b4227235	backend/inventory-context/src/main/java/com/flowzati/archone/inventory/balance/onhand/infrastructure/StockQuantEntity.java
Position	cff0117a89caffba371d84ea3351b240841d0128c8c91af75bb1e298298f1698	backend/inventory-context/src/main/java/com/flowzati/archone/inventory/balance/onhand/infrastructure/StockQuantMapper.java
Position	72bc381867f8b9e659259039ca15adbcfc0a1ba61809c0648e3e672922283ec5	backend/inventory-context/src/main/java/com/flowzati/archone/inventory/balance/onhand/infrastructure/StockQuantRepositoryImpl.java
Position	b9145c3af62ea80d54650791da45d7c941d5c03e158b9f80c0a31728afe107e8	backend/inventory-context/src/main/java/com/flowzati/archone/inventory/balance/receipt/application/ConfirmStockReceiptCommand.java
Position	2012cbee0a3f5db57a7b2c567d632a05d003cbda8877328911d53f2f974c5958	backend/inventory-context/src/main/java/com/flowzati/archone/inventory/balance/receipt/application/ConfirmStockReceiptUsecase.java
Position	6f3bd8c02c6495319997a2da78f92be00f430ea5e7a2436caeda53d2c4df73e8	backend/inventory-context/src/main/java/com/flowzati/archone/inventory/balance/receipt/application/InboundReceiptCompleter.java
Position	05b4a9b8f2370d944a85c26195ed76cf2ea85f9cbd888d5b1c1672cf916b4129	backend/inventory-context/src/main/java/com/flowzati/archone/inventory/balance/receipt/application/StockAvailabilityIncrease.java
Position	8b86e793616de071f637ca38189c04d9a7bb6ebb9b0a55f252f4405e586fa5ad	backend/inventory-context/src/main/java/com/flowzati/archone/inventory/balance/receipt/application/StockReceiptApplicationFacade.java
Position	08ea0d27892b0899d9ab23901d16629e1fcf0c8b93ce723428c20ea20f462d92	backend/inventory-context/src/main/java/com/flowzati/archone/inventory/balance/receipt/application/StockReceiptRequest.java
Position	c1c8e0342c3710c0a85c1b92f938d29f7d5327416a6fd2e655cf828fb1763b27	backend/inventory-context/src/main/java/com/flowzati/archone/inventory/balance/receipt/application/StockReceiptRequestConflictException.java
Position	ad2b57ee03fa7ca15ffd50cb18bd9e57fcca96abebde5ba73a7f99d342d035e1	backend/inventory-context/src/main/java/com/flowzati/archone/inventory/balance/receipt/application/port/StockAvailabilityPublisher.java
Position	5f29d9d51d00d6a59cede79a060aec04452c4fc1517af100b2e6bb32ae4c227d	backend/inventory-context/src/main/java/com/flowzati/archone/inventory/balance/receipt/application/port/StockReceiptRequestRepository.java
Position	25b3851ff48336ff8811a9c4d151529e61a8984b782e459915cd128c006a333b	backend/inventory-context/src/main/java/com/flowzati/archone/inventory/balance/receipt/entrypoint/StockReceiptController.java
Position	5fceb95eb925cb861c1d14acb6ef69c20be3e1a7928d1c2dbc80dbdb64fde0ae	backend/inventory-context/src/main/java/com/flowzati/archone/inventory/balance/receipt/infrastructure/JdbcStockReceiptRequestRepository.java
Position	d8f4224c7773204fc7dceb212cb50a201cd59ab4a26b409f43df0e605e19537f	backend/inventory-context/src/main/java/com/flowzati/archone/inventory/balance/receipt/infrastructure/StockAvailabilityPublisherAdapter.java
Position	62ad956f72c8847a4b093534b14e711dcdf437943b41dbaa77229e59eaad1d66	backend/inventory-context/src/main/java/com/flowzati/archone/inventory/balance/visibility/application/GetStockQuantUsecase.java
Position	839134ca5b3bf952368ab50d3792d74c93d96735159b6b9e64efd4668f6fb5dc	backend/inventory-context/src/main/java/com/flowzati/archone/inventory/balance/visibility/application/StockQuantView.java
Position	dcc5ddba9fc784984e7aec666b44a2a8f5cb10bb3e21a1693eae4347293f2f43	backend/inventory-context/src/main/java/com/flowzati/archone/inventory/balance/visibility/application/port/StockQuantViewRepository.java
Position	95199ae0f348b0d35dde89fb506b5bc5733ba3043fe926644a7c355847247f44	backend/inventory-context/src/main/java/com/flowzati/archone/inventory/balance/visibility/entrypoint/StockQuantController.java
Position	4434a33f4ae75e976c9a6355a21deab559a69838d85fd2e0f4edd358b0987829	backend/inventory-context/src/main/java/com/flowzati/archone/inventory/balance/visibility/entrypoint/StockQuantResponse.java
Position	6d3df4429667b3bff8403f4046741a58fbb0bea61402d1fb19468136751ab308	backend/inventory-context/src/main/java/com/flowzati/archone/inventory/balance/visibility/infrastructure/JdbcStockQuantViewRepository.java
Cross-domain Application	30bc361d948197008278ce4ddb1794fdbbdea1de6852f03eef24b8a398c334db	backend/inventory-context/src/main/java/com/flowzati/archone/inventory/entrypoint/temporal/TemporalInventoryActivitiesAdapter.java
Movement	febc816b0b54c730d1d9c00f38eff966dbcc08a131de3c05db1baf1dba048cb7	backend/inventory-context/src/main/java/com/flowzati/archone/inventory/movement/operation/application/port/StockMoveRepository.java
Movement	33955d99340653fcf9a274f6914890b4d8e580124dc69f26c97a08c0b24812a9	backend/inventory-context/src/main/java/com/flowzati/archone/inventory/movement/operation/application/port/StockOperationRepository.java
Movement	bccd2e1ed78a4e13645bf2a83b5a803dde39133625c75475304cee25d5435509	backend/inventory-context/src/main/java/com/flowzati/archone/inventory/movement/operation/domain/MoveState.java
Movement	b3f21750eb5449c2b8fbb4718448f668de42ae95fe6f2f89095547acffe08288	backend/inventory-context/src/main/java/com/flowzati/archone/inventory/movement/operation/domain/MovementAssignmentPolicy.java
Movement	61a4712c5da0055267a7aa318b5db785c2ac81f7e8f7b2bd236a203b51910647	backend/inventory-context/src/main/java/com/flowzati/archone/inventory/movement/operation/domain/MovementSourceType.java
Movement	e99635763c522402f6bf06ae0c357b5d8bbbde39486a16fee2313493eb218148	backend/inventory-context/src/main/java/com/flowzati/archone/inventory/movement/operation/domain/StockMove.java
Reservation	b5b04789cc6207e44d7ee98dbbb68f99da12c9cf54aa6283a270c89baa4bffbf	backend/inventory-context/src/main/java/com/flowzati/archone/inventory/movement/operation/domain/StockMoveLine.java
Movement	bd3e30d34fd227070f84c32e7d95ef04cced5bff9df0707778a933b6083587fb	backend/inventory-context/src/main/java/com/flowzati/archone/inventory/movement/operation/domain/StockOperation.java
Movement	b46b8b7b85ac33dd94b167cbea46ec29017f22a5aad44e63a1713d19fa3f775f	backend/inventory-context/src/main/java/com/flowzati/archone/inventory/movement/operation/domain/StockOperationSource.java
Movement	2427727f8d8d0624ece7fb37a6215afdb8db5c8945ec8a8ec7f7f5128698c0f2	backend/inventory-context/src/main/java/com/flowzati/archone/inventory/movement/operation/domain/StockOperationState.java
Reservation	8c002c89dd996669dcb9a58b626e32605fe5092f3aed5b263e3d54e972b8857d	backend/inventory-context/src/main/java/com/flowzati/archone/inventory/movement/operation/infrastructure/JpaStockMoveLineRepository.java
Movement	df20d436b56e964cf197715d309c29ed6febccac4b7b3f4ff1d4c4ceb95f3196	backend/inventory-context/src/main/java/com/flowzati/archone/inventory/movement/operation/infrastructure/JpaStockMoveRepository.java
Movement	636987959a1f8326e86473f7cc8cc5d40cf6a8ec67a6aa190a00ecf5e4096945	backend/inventory-context/src/main/java/com/flowzati/archone/inventory/movement/operation/infrastructure/JpaStockOperationRepository.java
Movement	3278306ec6379b1b338caaabc70d5759e44e0dc312cb359da58582520b880d7f	backend/inventory-context/src/main/java/com/flowzati/archone/inventory/movement/operation/infrastructure/StockMoveEntity.java
Reservation	cde8944439acafc7fd2776d1b745340338d0ca215ff04fbdc590ade627edc744	backend/inventory-context/src/main/java/com/flowzati/archone/inventory/movement/operation/infrastructure/StockMoveLineEntity.java
Movement	de79b3943981464f7153f11bc57dc360151e1de169bd4f2d6ab8f01bbade4455	backend/inventory-context/src/main/java/com/flowzati/archone/inventory/movement/operation/infrastructure/StockMoveMapper.java
Movement	66d585fdb0ce6b63fcbbba67511758d562c5a0ec47403f402c238876ed665ddf	backend/inventory-context/src/main/java/com/flowzati/archone/inventory/movement/operation/infrastructure/StockMoveRepositoryImpl.java
Movement	37171508bee5f94b29aeecae9a081fcc76fafce1370afa2b5a078b6fe90e1bc7	backend/inventory-context/src/main/java/com/flowzati/archone/inventory/movement/operation/infrastructure/StockOperationEntity.java
Movement	8ac41d03725dec564be4d107aab32c406251c043b06a902405476dc1e8817520	backend/inventory-context/src/main/java/com/flowzati/archone/inventory/movement/operation/infrastructure/StockOperationMapper.java
Movement	c3c65183de0e20d6d4b8f602d3d4340ae73310f8303f7d1742105cc10ab6d018	backend/inventory-context/src/main/java/com/flowzati/archone/inventory/movement/operation/infrastructure/StockOperationRepositoryImpl.java
Movement	989cccbfa6a583ee7f3585c8aa0cca633eafb6476f43eecf8412560d782e344c	backend/inventory-context/src/main/java/com/flowzati/archone/inventory/movement/registration/application/InboundReceiptRegistrar.java
Movement	e5847d4e01e40ed38e0accb2f14f864812f0d0e458eb6202eeccde4aabb0656e	backend/inventory-context/src/main/java/com/flowzati/archone/inventory/movement/registration/application/RegisterStockOperationCommand.java
Movement	1e24a5a24ed93b23bc0a281672a90f39c4dc7a71212b25e7129cb1338d31dc8d	backend/inventory-context/src/main/java/com/flowzati/archone/inventory/movement/registration/application/SourceMovementConflictException.java
Movement	e87e268997343020caf04d4256ea0c3dddaaee634cb9db228bd4ec929c65fa55	backend/inventory-context/src/main/java/com/flowzati/archone/inventory/movement/registration/application/StockOperationRegistrar.java
Movement	826ecb485f6a5f27db7cd26fb1905001152ca9e32b70b26304659ad228a64f78	backend/inventory-context/src/main/java/com/flowzati/archone/inventory/movement/registration/application/StockOperationRegistrationResult.java
Movement	1c8aea8c0f681121762e65d824c89546e96989704f9408b6625fd0ab021ede8e	backend/inventory-context/src/main/java/com/flowzati/archone/inventory/movement/visibility/application/StockOperationQueryService.java
Movement	760a0760ec6cc4dd9e834b30e47ad32882e5616fb3fc0da7c9ba4f7fed74be30	backend/inventory-context/src/main/java/com/flowzati/archone/inventory/movement/visibility/application/StockOperationView.java
Movement	d4ceea53158280b1513dce9ca2aa29268dff39fb65556dc60edcd66461966437	backend/inventory-context/src/main/java/com/flowzati/archone/inventory/movement/visibility/application/port/StockOperationReconciliationRepository.java
Movement	9f357a713d7d5c56929244a4372bdbd5fbb1a8162f6bf764dadf945975f5ef36	backend/inventory-context/src/main/java/com/flowzati/archone/inventory/movement/visibility/application/port/StockOperationViewRepository.java
Movement	9a02ed405533f16f23a2977a6c62f6ec3af610c8972afae0a1073451ee043b82	backend/inventory-context/src/main/java/com/flowzati/archone/inventory/movement/visibility/entrypoint/StockOperationController.java
Movement	ebf48869fe5d8599f23c8999e536056c200669dbdfcf92823042f3498ab6e91c	backend/inventory-context/src/main/java/com/flowzati/archone/inventory/movement/visibility/entrypoint/StockOperationResponse.java
Movement	074b636e31be8302423fb67f8ff56c45c06f30519a4e2ea966485053d8a7870b	backend/inventory-context/src/main/java/com/flowzati/archone/inventory/movement/visibility/infrastructure/JdbcStockOperationReconciliationRepository.java
Movement	3ff362c8fb841c0aa9154e9ddd01a8fd6d6987e84a59e0180d7740099623aade	backend/inventory-context/src/main/java/com/flowzati/archone/inventory/movement/visibility/infrastructure/JdbcStockOperationViewRepository.java
Movement	b143b673e46c86b1ccd36b1ce7942e2d8449640a2ac844af204f989d085bb9b1	backend/inventory-context/src/main/java/com/flowzati/archone/inventory/movement/visibility/infrastructure/StockOperationHealthIndicator.java
Location	3e3ecfe53c709d319bef9581f31278bdb75cbbfd01e3460b58dffca3ddf5520d	backend/inventory-context/src/main/java/com/flowzati/archone/inventory/warehouse/location/application/ListStockLocationsUsecase.java
Location	3e0b708b296edbcb0e1d5383f65fb597ac22d8bb863859bf69bf02cfdac0b873	backend/inventory-context/src/main/java/com/flowzati/archone/inventory/warehouse/location/domain/LocationUsageType.java
Location	188e47a2a3f289e43ca09076a2759c62e804e1d799c4f8cbc50e3e39f69afcb5	backend/inventory-context/src/main/java/com/flowzati/archone/inventory/warehouse/location/domain/StockLocation.java
Location	afdf90a7935bdf8b3fe56ee8a19079106a3106384367183b8fa004173dab2642	backend/inventory-context/src/main/java/com/flowzati/archone/inventory/warehouse/location/domain/StockLocationRepository.java
Location	67c02d5ddd29c3ec3afbca5fcea49e65bd66589f65515282c9f78fa3b59d10ea	backend/inventory-context/src/main/java/com/flowzati/archone/inventory/warehouse/location/entrypoint/FacilityLocationController.java
Location	a6ac6ac198140ed21ddb2bef13bf7bab7c956f01bcc1f4ec89f96845e77b38af	backend/inventory-context/src/main/java/com/flowzati/archone/inventory/warehouse/location/entrypoint/StockLocationResponse.java
Location	3d1ae472d3755ba1c847d1513b7ceb14c984827e2a8b6845b6a11fb780e8836b	backend/inventory-context/src/main/java/com/flowzati/archone/inventory/warehouse/location/infrastructure/JpaStockLocationRepository.java
Location	7bff2cd5ef085d7337d7a7d7a75d0f7503d1f6e52839209c5d4770d92e54e443	backend/inventory-context/src/main/java/com/flowzati/archone/inventory/warehouse/location/infrastructure/StockLocationEntity.java
Location	981925f1580627dddef189e2b1c8704fb404aebe777a355d7dbc339e9c6567f7	backend/inventory-context/src/main/java/com/flowzati/archone/inventory/warehouse/location/infrastructure/StockLocationMapper.java
Location	c624525a2e89dd2ed20828bf99aa43dbd9a14ace59d01072c6acb9beb6134708	backend/inventory-context/src/main/java/com/flowzati/archone/inventory/warehouse/location/infrastructure/StockLocationRepositoryImpl.java
Movement	80757fead4c11b4dce6661ec81b7495c936c09d2e02f5504da9256f35e53539a	backend/inventory-context/src/main/java/com/flowzati/archone/inventory/warehouse/operationtype/domain/StockOperationDirection.java
Movement	2b0b7a1233088354080b47c5e9d4e671d301ee19f00263f0ba9bc607b78569a1	backend/inventory-context/src/main/java/com/flowzati/archone/inventory/warehouse/operationtype/domain/StockOperationType.java
Movement	f0ec1a0d84cc309dd36fe9124d64989770b1c58234b23666cbf0782bc30f467e	backend/inventory-context/src/main/java/com/flowzati/archone/inventory/warehouse/operationtype/domain/StockOperationTypeRepository.java
Movement	bcc174f0fc3b7e7a06cacedcfcaf0149b9b7482cf3c389ce26f972417b91c1f7	backend/inventory-context/src/main/java/com/flowzati/archone/inventory/warehouse/operationtype/infrastructure/JpaStockOperationTypeRepository.java
Movement	ded8be51e9b0173bf8e51df2429d83af8267da940c41e3e3f2814bbed4a0cab4	backend/inventory-context/src/main/java/com/flowzati/archone/inventory/warehouse/operationtype/infrastructure/StockOperationTypeEntity.java
Movement	ef4e7eaa4df541801fc64320768cac4ae5d5a411bb425b35cac340c745879751	backend/inventory-context/src/main/java/com/flowzati/archone/inventory/warehouse/operationtype/infrastructure/StockOperationTypeMapper.java
Movement	8edc8893e24e4078011c661f5d560e5ea9f76094d334ad498c4dbb18b56aaaea	backend/inventory-context/src/main/java/com/flowzati/archone/inventory/warehouse/operationtype/infrastructure/StockOperationTypeRepositoryImpl.java
Read Side / Test Support	0254b310304e947a503a95d56293ac031ceb6fa445cf8a45cb4cc9a2c5aac4d8	backend/inventory-context/src/test/java/com/flowzati/archone/inventory/InventoryBoundaryArchitectureTest.java
Read Side / Test Support	92667d71e3754e6512f0316d832634ce4f1041678f47e924482f857cdf6ac91c	backend/inventory-context/src/test/java/com/flowzati/archone/inventory/InventoryTestApplication.java
Reservation	893265f66c5ac82e206617e55456e86063a2e87b566ae7bfd93621502fa949c4	backend/inventory-context/src/test/java/com/flowzati/archone/inventory/allocation/assignment/application/StockAllocationCommitterTest.java
Reservation	b1171948a12b6fa33b59d38c2929443f2c8163442278ca68a5c9c91b6b956789	backend/inventory-context/src/test/java/com/flowzati/archone/inventory/allocation/assignment/application/StockOperationAllocationWorkingModelsTest.java
Reservation	ec0e56c3f02e2ef2041f2489c7da60556680cf8e1220aee5543de6d8bd2f8cdd	backend/inventory-context/src/test/java/com/flowzati/archone/inventory/allocation/assignment/application/StockOperationAssignmentCoordinatorTest.java
Allocation	d28b811cc93d23ebf6911d38ec1469e791c2ec6086506886f4f341ab1f96fde3	backend/inventory-context/src/test/java/com/flowzati/archone/inventory/allocation/assignment/application/StockOperationBacklogReconcilerTest.java
Allocation	9d9ba65cc0689a33a78757414ef381fb18cac4d772cd5c6255204518dd042f37	backend/inventory-context/src/test/java/com/flowzati/archone/inventory/allocation/assignment/domain/MovementAssignmentPlannerTest.java
Allocation	34fe7867cd5c0cf2efd5693c94d699b13299031766eab32d55c563247d601e70	backend/inventory-context/src/test/java/com/flowzati/archone/inventory/allocation/assignment/domain/ProposedMoveLineTest.java
Allocation	30c1bdd2edda6e74654b79962463b2ffeef75de64f5ec0e596544e20b86c8b9a	backend/inventory-context/src/test/java/com/flowzati/archone/inventory/allocation/assignment/domain/SkuQuantitiesTest.java
Allocation	dd89a42ef33905c522a90145d95ef6fc18265119e486e7ccc71de50bfb6ccd08	backend/inventory-context/src/test/java/com/flowzati/archone/inventory/allocation/assignment/domain/StockAllocationSupplyTest.java
Reservation	0ff4b1e23ae14f9276ab9e122c3c2cfb11f13d9b961662603c65f316227b2c80	backend/inventory-context/src/test/java/com/flowzati/archone/inventory/allocation/assignment/entrypoint/AllocationInventoryAvailabilityEventConsumerTest.java
Reservation	1e4eb94c073c0bf35238b33e7cbb71d3b2b7602d39e10da6d8e9e16b728345c6	backend/inventory-context/src/test/java/com/flowzati/archone/inventory/allocation/assignment/entrypoint/StockOperationBacklogReconciliationSchedulerTest.java
Reservation	5bd7fcccf8da40620ff397bd0bea9f41e33a7bd46227911d3eb5e0a408aa25c5	backend/inventory-context/src/test/java/com/flowzati/archone/inventory/allocation/assignment/infrastructure/StockOperationAssignmentPublisherAdapterTest.java
Movement	50f3d26e0b91d497e229389be87f9c9d2f8b3ede2eaca3969950d75608eccbb5	backend/inventory-context/src/test/java/com/flowzati/archone/inventory/allocation/cancellation/application/CancelStockOperationUsecaseTest.java
Movement	b435b4fb88638ad2d63c9d917ebfa3476d1e3c65509f6f63ad9259f8f5a99b33	backend/inventory-context/src/test/java/com/flowzati/archone/inventory/allocation/cancellation/application/StockOperationCancellationTransactionsTest.java
Movement	dc42dd931fc15dacc20e19b033a2152124668880ffad13cd025f5913e1b5367d	backend/inventory-context/src/test/java/com/flowzati/archone/inventory/allocation/cancellation/domain/StockOperationCancellationTest.java
Movement	362bbb4afb3b64a33bdf6e6c1e1c265a9252a0b24ce93a75c8516cc39b98cec8	backend/inventory-context/src/test/java/com/flowzati/archone/inventory/allocation/cancellation/entrypoint/AllocationOrderCancellationEventConsumerTest.java
Reservation	1f4e747d054e40ead2893052f23d48f0ce2d7defd24329be1a773d330bc1565a	backend/inventory-context/src/test/java/com/flowzati/archone/inventory/allocation/intake/application/AllocateOrderUsecaseTest.java
Reservation	14384c31e73a93fbf8c7579b3005b15ca516024f487fbc7f8f858518cba3e6a8	backend/inventory-context/src/test/java/com/flowzati/archone/inventory/allocation/intake/entrypoint/AllocationOrderPlacedEventConsumerTest.java
Movement	221473965fc9d91b89b3bacd5b68ce985ef2e8836599954876e5d884266af73d	backend/inventory-context/src/test/java/com/flowzati/archone/inventory/allocation/lifecycle/application/CompleteSourceStockMovementsUsecaseTest.java
Movement	dd2d59bbcf0ea819da748e1cec32e6679c537ba5e783671f6ca75130fbdb1bd0	backend/inventory-context/src/test/java/com/flowzati/archone/inventory/allocation/lifecycle/application/CompleteStockOperationUsecaseTest.java
Reservation	23a3c81deb9449a6b3f0152d143d62e8a03418b58f5e2f33d841a2b2158ddc77	backend/inventory-context/src/test/java/com/flowzati/archone/inventory/allocation/lifecycle/application/ReleaseStockOperationUsecaseTest.java
Movement	e2e48f3d82673518e52d97df9acc68b6da31e147221cd2b655aaf18e79013bb8	backend/inventory-context/src/test/java/com/flowzati/archone/inventory/allocation/lifecycle/entrypoint/ShipmentHandoverEventConsumerTest.java
Movement	aea31b63f3bbd49e2fa917ef36cc98136719fdf59dc57a8bdaa1eceb56f1b30d	backend/inventory-context/src/test/java/com/flowzati/archone/inventory/allocation/lifecycle/infrastructure/StockOperationLifecyclePublisherAdapterTest.java
Technical Infrastructure	ba4edf935bd56f4fc06d7a06f4d5247654aeef157c64d45bc3cf6f8b368e7400	backend/inventory-context/src/test/java/com/flowzati/archone/inventory/allocation/support/infrastructure/AllocationOptimisticLockRetryObserverTest.java
Position	0ae026a45ac5200116045895b0372987038cb0f137da1791e3de98b05dbcecf4	backend/inventory-context/src/test/java/com/flowzati/archone/inventory/balance/onhand/domain/StockQuantTest.java
Position	1fddb14870ad5daa532478784e9b71b763a4973bad79aed8d0ff4e860e1b94b6	backend/inventory-context/src/test/java/com/flowzati/archone/inventory/balance/onhand/infrastructure/StockQuantMapperTest.java
Position	c24a9a394db8a207e2b65ddeafeed8a8c1a262b2c70374d182e06627a1a49f20	backend/inventory-context/src/test/java/com/flowzati/archone/inventory/balance/receipt/application/ConfirmStockReceiptUsecaseTest.java
Position	d8cc40d201110d21756ec9940acd155314dcf021f09c2aa9e6adb33e3e3c83dd	backend/inventory-context/src/test/java/com/flowzati/archone/inventory/balance/receipt/application/InboundReceiptCompleterTest.java
Position	35e1c6d59203d79f6ae257cdde59f5c932170471e15c64eb237d08c1c4f870c8	backend/inventory-context/src/test/java/com/flowzati/archone/inventory/balance/receipt/application/StockReceiptApplicationFacadeTest.java
Position	12b72b6bd703eca31b4e2420aec5fc71df35c95ae2115563ba3f03236e2b8869	backend/inventory-context/src/test/java/com/flowzati/archone/inventory/balance/receipt/entrypoint/StockReceiptControllerTest.java
Position	3f00587e4c4c10e795c712a197c31ce30f253e50caca54c1888f7b11bfd67f39	backend/inventory-context/src/test/java/com/flowzati/archone/inventory/balance/receipt/infrastructure/StockAvailabilityPublisherAdapterTest.java
Position	042f38567042e301ded3a27892b00c352621a5f7fb0bcd749b1e0a197fa34836	backend/inventory-context/src/test/java/com/flowzati/archone/inventory/balance/visibility/application/GetStockQuantUsecaseTest.java
Position	5cd402616f69980bb704f4a45aacdae7699c9a84b0feb4e64f149744ae3775e0	backend/inventory-context/src/test/java/com/flowzati/archone/inventory/balance/visibility/application/StockQuantViewTest.java
Position	cd810740ee61119604c9c4a525e9a834e2e6d398b10be5735da556f2d4871256	backend/inventory-context/src/test/java/com/flowzati/archone/inventory/balance/visibility/entrypoint/StockQuantControllerTest.java
Position	100112c37968f31c88340819fe160b21b48bb22f457a6601b3c5deaa599844c0	backend/inventory-context/src/test/java/com/flowzati/archone/inventory/balance/visibility/infrastructure/JdbcStockQuantViewRepositoryTest.java
Cross-domain Application	bbefd419e43b83a1194678f35477cc41734823b8e92088f7f36a7e90a2231819	backend/inventory-context/src/test/java/com/flowzati/archone/inventory/entrypoint/temporal/TemporalInventoryActivitiesAdapterTest.java
Movement	ab8fac23db4fb1b608232cf31e288041004a40d152a7940da1fbd6b73b2f3d17	backend/inventory-context/src/test/java/com/flowzati/archone/inventory/movement/operation/domain/StockMoveTest.java
Movement	fa285af06e41e2ccd1859f5cec27e95eaa0d4bece999e127dc9bbb954f394aea	backend/inventory-context/src/test/java/com/flowzati/archone/inventory/movement/operation/domain/StockOperationTest.java
Movement	bc2838e43bfcf9a7a0293ac3a797672d40d290816cd462655c2bf5e42688a81a	backend/inventory-context/src/test/java/com/flowzati/archone/inventory/movement/operation/infrastructure/StockMoveMapperTest.java
Movement	bb6fa5d41cdfcd851028b253cbdc0160221020992ea1e975da43344c08003c5f	backend/inventory-context/src/test/java/com/flowzati/archone/inventory/movement/registration/application/InboundReceiptRegistrarTest.java
Movement	2cfa5e4e4d13ffecb07b63069f466f5d6f758c18a27416b9bcd85a6c8f460693	backend/inventory-context/src/test/java/com/flowzati/archone/inventory/movement/registration/application/StockOperationRegistrarTest.java
Movement	f1e286b57f25c6ff6807c46ac8bca94a9790f989e2b90082cc0ca9bae6627b75	backend/inventory-context/src/test/java/com/flowzati/archone/inventory/movement/visibility/application/StockOperationQueryServiceTest.java
Movement	6ad0e6a1009667afec640ad053381495f8de3f12ffe57b9596a8de4e03aa95d2	backend/inventory-context/src/test/java/com/flowzati/archone/inventory/movement/visibility/entrypoint/StockOperationControllerTest.java
Movement	96f2824340585f707ee9c88047b3d2cc1cbcbc474623cf7cd031fcb4858b37ab	backend/inventory-context/src/test/java/com/flowzati/archone/inventory/movement/visibility/infrastructure/JdbcStockOperationViewRepositoryTest.java
Location	5290e0f64c024caf98e94e42ae2e747b3da7c895c0641ebb9ad01a15d7a40c52	backend/inventory-context/src/test/java/com/flowzati/archone/inventory/warehouse/location/entrypoint/FacilityLocationControllerTest.java
Reservation	d18795a5da5f1956142d8c279af72b2123317799dc9f48e08841caaa14ad9cf4	backend/inventory-context/src/testFixtures/java/com/flowzati/archone/inventory/allocation/assignment/testsupport/StockOperationDemandFactory.java
Position	b138033f7cb3f50c546e3f7ed469606b3d7f02711cb458795b8234e3c263ad0c	backend/inventory-context/src/testFixtures/java/com/flowzati/archone/inventory/balance/onhand/domain/StockFixtures.java
Read Side / Test Support	7f4fa4c3dcbd0ff6dc9c11f8cab5d4597f629550e4936b60ad983fd16ae88572	backend/inventory-context/src/testFixtures/java/com/flowzati/archone/inventory/testsupport/InventoryFixtures.java
