sha256	path
fec3938d99817181248dfe3fef341acdfa2159da434e594ed7bd77732dae7553	backend/deployments/monolith/build/resources/main/db/migration/V10__add_order_fulfillment_timestamp.sql
2ebe3ca251d14cf8a403a71b9c05f0208fbb32eb9cbd96ad1b658d4263b8dfdc	backend/deployments/monolith/build/resources/main/db/migration/V11__replace_backordered_status_with_supply_wait.sql
f486c2d7cae51039966e427c95e40b66762548ffa73a1fda809771cc6f4dfa16	backend/deployments/monolith/build/resources/main/db/migration/V12__create_allocation_demands.sql
20ad0246e7aa7d78582bff30e398fbff7c0e4eb6b9f21f3881eb177bee9aa7e2	backend/deployments/monolith/build/resources/main/db/migration/V13__backfill_allocation_demands.sql
a22940c8ba5a089f879d514a316d9a6005e83775c4dd447383fbcacbd04a2740	backend/deployments/monolith/build/resources/main/db/migration/V14__validate_allocation_movement_links.sql
9654d7d997ee960ffac5b95fe0bded012507f676341eac4725cc5b91ad4bd605	backend/deployments/monolith/build/resources/main/db/migration/V15__enforce_one_move_per_allocation_demand_line.sql
64e20412b6b23c29f42a3eeadb3ed02d455881eaa200bf5013339eed3e6cd297	backend/deployments/monolith/build/resources/main/db/migration/V16__create_wms_tables.sql
8b31bdfbb4cdf4f3e256966e778591bfee092110b8bc281fb45df0d8cc35110a	backend/deployments/monolith/build/resources/main/db/migration/V17__index_due_wms_shipments.sql
7c25da80d2d40e26b0380cd0132cc417d8b58a41593fb65e287d7ed5687bb25c	backend/deployments/monolith/build/resources/main/db/migration/V18__correlate_order_cancellation_and_fulfillment.sql
f9fbe55a9fef01678c18fa262e5ca48a02a9c1013b01097d7fbdf45ab0552850	backend/deployments/monolith/build/resources/main/db/migration/V19__persist_wms_inbound_and_waves.sql
60b00a8642022e78eebff473cd24482fba68d8f04fea6fb342cea18a6698c94d	backend/deployments/monolith/build/resources/main/db/migration/V1__baseline.sql
2e352ab481652b80806252e4696aedc274cf9d26674ea1c3fc3a7664742a9fa0	backend/deployments/monolith/build/resources/main/db/migration/V20__model_wms_shipment_cancellation_state.sql
013b75a4654cb3720fdd4236f8c22bfa1997a60607bd382a8bc1b0c10f4bc6c2	backend/deployments/monolith/build/resources/main/db/migration/V21__expand_move_centric_stock_operations.sql
d92966f58981d5054a840b735f1c73ae90101524b4e76968a3b371df8ffdb9d8	backend/deployments/monolith/build/resources/main/db/migration/V22__backfill_move_centric_pickings.sql
1291f8c2205c76a9deb5e1a3757e6087e125eb2ceb98be653c1b861aae9771dc	backend/deployments/monolith/build/resources/main/db/migration/V23__backfill_move_centric_moves.sql
da64f3bd8b2415a03f2d3e85d96c8e76cdead05d5c4d2c45dbc6d5c9632a3b70	backend/deployments/monolith/build/resources/main/db/migration/V24__validate_move_centric_backfill.sql
b30318bce4adef8a1d320c7f19c821017e669d01f863d66102304bca6a5c4193	backend/deployments/monolith/build/resources/main/db/migration/V25__enforce_move_centric_identity.sql
1bb8e873766708ff51277bfe54bac7294288ce9c36d23b4fe80d6fb4112c370d	backend/deployments/monolith/build/resources/main/db/migration/V26__key_stock_cancellation_by_picking.sql
9edc6058fa2f8ba4fc659aac6103c4c1286004719d3d5fe3cc2fd5521c89f625	backend/deployments/monolith/build/resources/main/db/migration/V27__cut_wms_to_picking_identity.sql
0d025cb92c6169229b5ab2c5a93e802fb259bf847cf188321d1ed20277359091	backend/deployments/monolith/build/resources/main/db/migration/V28__remove_allocation_demand_model.sql
bc8e85e89a9e699aeca7eceed0207a741f8a243e4cb4f4683a62e6f50785fafe	backend/deployments/monolith/build/resources/main/db/migration/V29__enforce_stock_operation_group_invariants.sql
7da45a79808dbf421b233143c454316e57b6c071612a610ed2dbf7fb685d1015	backend/deployments/monolith/build/resources/main/db/migration/V2__create_ordering_tables.sql
09ed68b3dfea93b8318d0e73391160e2081eab928c744e8ff5e160267119bc62	backend/deployments/monolith/build/resources/main/db/migration/V30__rename_stock_picking_to_stock_operation.sql
0c066f1136679919025fde9db7ae0f13ee2049b20d2ab759c3ccc9baf53de40c	backend/deployments/monolith/build/resources/main/db/migration/V3__create_stock_pools.sql
21cf1467927d36c44f338b2ff2dc19940c2125af9e0f62f4dfaab4d637610820	backend/deployments/monolith/build/resources/main/db/migration/V4__create_stock_movements.sql
661f6a1c0854730ee84c00af55de72118f9237837138e172dfbb94c25a865f02	backend/deployments/monolith/build/resources/main/db/migration/V5__create_event_inbox_and_outbox.sql
021c8c98b9f8c1b274984f8e332e3e4e87ad3a5f11ab1abe7caa21ab498021ae	backend/deployments/monolith/build/resources/main/db/migration/V6__create_demand_lines_view.sql
97ea1c6b0a15ae89ba0e471b97cf413af58a65611359fdd1f2e307d9cafb7b73	backend/deployments/monolith/build/resources/main/db/migration/V7__make_event_inbox_subscriber_aware.sql
5c59d045a6b22ef2d55ce9696bc70b9b55ba1fd1c4bcf0152655725e70f06e8a	backend/deployments/monolith/build/resources/main/db/migration/V8__add_generic_headers_to_event_outbox.sql
f1bfe094c3e8af02e704af9daf32eaf618a5b046d9f63caa9bdfd78a5b7969ef	backend/deployments/monolith/build/resources/main/db/migration/V9__create_stock_receipt_requests.sql
fec3938d99817181248dfe3fef341acdfa2159da434e594ed7bd77732dae7553	backend/deployments/monolith/src/main/resources/db/migration/V10__add_order_fulfillment_timestamp.sql
2ebe3ca251d14cf8a403a71b9c05f0208fbb32eb9cbd96ad1b658d4263b8dfdc	backend/deployments/monolith/src/main/resources/db/migration/V11__replace_backordered_status_with_supply_wait.sql
f486c2d7cae51039966e427c95e40b66762548ffa73a1fda809771cc6f4dfa16	backend/deployments/monolith/src/main/resources/db/migration/V12__create_allocation_demands.sql
20ad0246e7aa7d78582bff30e398fbff7c0e4eb6b9f21f3881eb177bee9aa7e2	backend/deployments/monolith/src/main/resources/db/migration/V13__backfill_allocation_demands.sql
a22940c8ba5a089f879d514a316d9a6005e83775c4dd447383fbcacbd04a2740	backend/deployments/monolith/src/main/resources/db/migration/V14__validate_allocation_movement_links.sql
9654d7d997ee960ffac5b95fe0bded012507f676341eac4725cc5b91ad4bd605	backend/deployments/monolith/src/main/resources/db/migration/V15__enforce_one_move_per_allocation_demand_line.sql
64e20412b6b23c29f42a3eeadb3ed02d455881eaa200bf5013339eed3e6cd297	backend/deployments/monolith/src/main/resources/db/migration/V16__create_wms_tables.sql
8b31bdfbb4cdf4f3e256966e778591bfee092110b8bc281fb45df0d8cc35110a	backend/deployments/monolith/src/main/resources/db/migration/V17__index_due_wms_shipments.sql
7c25da80d2d40e26b0380cd0132cc417d8b58a41593fb65e287d7ed5687bb25c	backend/deployments/monolith/src/main/resources/db/migration/V18__correlate_order_cancellation_and_fulfillment.sql
f9fbe55a9fef01678c18fa262e5ca48a02a9c1013b01097d7fbdf45ab0552850	backend/deployments/monolith/src/main/resources/db/migration/V19__persist_wms_inbound_and_waves.sql
60b00a8642022e78eebff473cd24482fba68d8f04fea6fb342cea18a6698c94d	backend/deployments/monolith/src/main/resources/db/migration/V1__baseline.sql
2e352ab481652b80806252e4696aedc274cf9d26674ea1c3fc3a7664742a9fa0	backend/deployments/monolith/src/main/resources/db/migration/V20__model_wms_shipment_cancellation_state.sql
013b75a4654cb3720fdd4236f8c22bfa1997a60607bd382a8bc1b0c10f4bc6c2	backend/deployments/monolith/src/main/resources/db/migration/V21__expand_move_centric_stock_operations.sql
d92966f58981d5054a840b735f1c73ae90101524b4e76968a3b371df8ffdb9d8	backend/deployments/monolith/src/main/resources/db/migration/V22__backfill_move_centric_pickings.sql
1291f8c2205c76a9deb5e1a3757e6087e125eb2ceb98be653c1b861aae9771dc	backend/deployments/monolith/src/main/resources/db/migration/V23__backfill_move_centric_moves.sql
da64f3bd8b2415a03f2d3e85d96c8e76cdead05d5c4d2c45dbc6d5c9632a3b70	backend/deployments/monolith/src/main/resources/db/migration/V24__validate_move_centric_backfill.sql
b30318bce4adef8a1d320c7f19c821017e669d01f863d66102304bca6a5c4193	backend/deployments/monolith/src/main/resources/db/migration/V25__enforce_move_centric_identity.sql
1bb8e873766708ff51277bfe54bac7294288ce9c36d23b4fe80d6fb4112c370d	backend/deployments/monolith/src/main/resources/db/migration/V26__key_stock_cancellation_by_picking.sql
9edc6058fa2f8ba4fc659aac6103c4c1286004719d3d5fe3cc2fd5521c89f625	backend/deployments/monolith/src/main/resources/db/migration/V27__cut_wms_to_picking_identity.sql
0d025cb92c6169229b5ab2c5a93e802fb259bf847cf188321d1ed20277359091	backend/deployments/monolith/src/main/resources/db/migration/V28__remove_allocation_demand_model.sql
bc8e85e89a9e699aeca7eceed0207a741f8a243e4cb4f4683a62e6f50785fafe	backend/deployments/monolith/src/main/resources/db/migration/V29__enforce_stock_operation_group_invariants.sql
7da45a79808dbf421b233143c454316e57b6c071612a610ed2dbf7fb685d1015	backend/deployments/monolith/src/main/resources/db/migration/V2__create_ordering_tables.sql
09ed68b3dfea93b8318d0e73391160e2081eab928c744e8ff5e160267119bc62	backend/deployments/monolith/src/main/resources/db/migration/V30__rename_stock_picking_to_stock_operation.sql
0c066f1136679919025fde9db7ae0f13ee2049b20d2ab759c3ccc9baf53de40c	backend/deployments/monolith/src/main/resources/db/migration/V3__create_stock_pools.sql
21cf1467927d36c44f338b2ff2dc19940c2125af9e0f62f4dfaab4d637610820	backend/deployments/monolith/src/main/resources/db/migration/V4__create_stock_movements.sql
661f6a1c0854730ee84c00af55de72118f9237837138e172dfbb94c25a865f02	backend/deployments/monolith/src/main/resources/db/migration/V5__create_event_inbox_and_outbox.sql
021c8c98b9f8c1b274984f8e332e3e4e87ad3a5f11ab1abe7caa21ab498021ae	backend/deployments/monolith/src/main/resources/db/migration/V6__create_demand_lines_view.sql
97ea1c6b0a15ae89ba0e471b97cf413af58a65611359fdd1f2e307d9cafb7b73	backend/deployments/monolith/src/main/resources/db/migration/V7__make_event_inbox_subscriber_aware.sql
5c59d045a6b22ef2d55ce9696bc70b9b55ba1fd1c4bcf0152655725e70f06e8a	backend/deployments/monolith/src/main/resources/db/migration/V8__add_generic_headers_to_event_outbox.sql
f1bfe094c3e8af02e704af9daf32eaf618a5b046d9f63caa9bdfd78a5b7969ef	backend/deployments/monolith/src/main/resources/db/migration/V9__create_stock_receipt_requests.sql
059824ca116d048f01ee0d3bd93ae520c5a2bc2ad000cb5172b6e8921d5fd0b2	backend/fulfillment-temporal-contract/src/main/java/com/flowzati/archone/orderfulfillment/contract/activity/inventory/CompleteOutboundMovementsActivityInput.java
582927f64d9e4e9a48e905c2c10afef7f838dd18a665e691ec3e974f2f742dee	backend/fulfillment-temporal-contract/src/main/java/com/flowzati/archone/orderfulfillment/contract/activity/inventory/InventoryActivities.java
333806d02f740be205232f0021719a68863b63ddb1e867085076c4beff079d51	backend/fulfillment-temporal-contract/src/main/java/com/flowzati/archone/orderfulfillment/contract/activity/inventory/RequestAllocationActivityInput.java
663b9465a47a836c61a891e20f8adc6dbaee0ebee1c327b089ccbbb7892ac7ba	backend/fulfillment-temporal-contract/src/main/java/com/flowzati/archone/orderfulfillment/contract/activity/ordering/CancelOrderActivityInput.java
9cc9dce1ef24612f06009128978b5e2e5de28224a52374b7b1b23778d831b210	backend/fulfillment-temporal-contract/src/main/java/com/flowzati/archone/orderfulfillment/contract/activity/ordering/CancelOrderActivityResult.java
a1873ae567db93ebdcf4ad73c9b10f13b9d49311abebdd4e97e54694b45cb05f	backend/fulfillment-temporal-contract/src/main/java/com/flowzati/archone/orderfulfillment/contract/activity/ordering/CancelOrderActivityStatus.java
30023552241632a44072693e0fc888f457fe16c1df098220f2c5fec282a9b496	backend/fulfillment-temporal-contract/src/main/java/com/flowzati/archone/orderfulfillment/contract/activity/ordering/OrderingActivities.java
64abac6420a91fe877e37fa5015267ff6a8fe73a2a0fd0b397598c9b9f8c6fc3	backend/fulfillment-temporal-contract/src/main/java/com/flowzati/archone/orderfulfillment/contract/activity/ordering/RecordOrderFulfillmentActivityInput.java
9376b3cc12a3309262cff6a2ea1c70c7bd9669a0c47be3b21e1fe8170f890884	backend/fulfillment-temporal-contract/src/main/java/com/flowzati/archone/orderfulfillment/contract/activity/wms/CancelShipmentActivityInput.java
654fa606dd5dda2bdbf86d43d0c90e1d9736f1051d6658ae77097ff5f9dd651e	backend/fulfillment-temporal-contract/src/main/java/com/flowzati/archone/orderfulfillment/contract/activity/wms/CreateShipmentActivityInput.java
297b9dfb801462c2734093e3d86cec4d1bccb15017fc348175fba004e766d6ec	backend/fulfillment-temporal-contract/src/main/java/com/flowzati/archone/orderfulfillment/contract/activity/wms/CreateShipmentActivityResult.java
cb255eb1d0334d90c688d8be009adcee57d4680618529548c12e95589a32248c	backend/fulfillment-temporal-contract/src/main/java/com/flowzati/archone/orderfulfillment/contract/activity/wms/WmsActivities.java
ec6d55e791646aeffc932c5ca3510c3159adb2dca6c97daca62833851e238110	backend/fulfillment-temporal-contract/src/main/java/com/flowzati/archone/orderfulfillment/contract/workflow/CancellationRequest.java
df47d6631757b340e323989a70dc0343bf964ba09f3f1b439337441ae89bb0d5	backend/fulfillment-temporal-contract/src/main/java/com/flowzati/archone/orderfulfillment/contract/workflow/CancellationRequestAcknowledgement.java
287e63f9ba5efd192513bccfa6f52a8d786d0cda4a59e8cb7b7408e121dfba39	backend/fulfillment-temporal-contract/src/main/java/com/flowzati/archone/orderfulfillment/contract/workflow/CancellationRequestStatus.java
36bd2388a3f503510dd64b624a956db7ea8add550ae1fee8fda69344bab93162	backend/fulfillment-temporal-contract/src/main/java/com/flowzati/archone/orderfulfillment/contract/workflow/OrderFulfillmentWorkflow.java
ef369b0b4f96a69317a8b153a6c1b778e7de55a953b01737fb2eba958ff7e42a	backend/fulfillment-temporal-contract/src/main/java/com/flowzati/archone/orderfulfillment/contract/workflow/OrderFulfillmentWorkflowAllocationState.java
6dbae39ea9be1627784f41772f010b01b19b5de0f046e712f793feb4f4458166	backend/fulfillment-temporal-contract/src/main/java/com/flowzati/archone/orderfulfillment/contract/workflow/OrderFulfillmentWorkflowCancellationState.java
db4c2e9f1f6226e8ab6d241326147dd7f23407279bb4829eefa4070b9f4f202e	backend/fulfillment-temporal-contract/src/main/java/com/flowzati/archone/orderfulfillment/contract/workflow/OrderFulfillmentWorkflowInput.java
4c6b8c08a74ea4b5d0ee32c7b45b1982eaeadad27220a737cbaad7168195b8c7	backend/fulfillment-temporal-contract/src/main/java/com/flowzati/archone/orderfulfillment/contract/workflow/OrderFulfillmentWorkflowPhase.java
f13568286d82227746268a39a30443dc873eaf15b61fe54837194b9c0c2fa748	backend/fulfillment-temporal-contract/src/main/java/com/flowzati/archone/orderfulfillment/contract/workflow/OrderFulfillmentWorkflowResult.java
3ba6167e4d49a8193a7b512a70cb59ee69ddbb5da3b5b0fa3f21adff17cb2de7	backend/fulfillment-temporal-contract/src/main/java/com/flowzati/archone/orderfulfillment/contract/workflow/OrderFulfillmentWorkflowSnapshot.java
ab8a719d2c6060d9748e970e1b1b272b8aa1a235a3d7aedffee893f64c86b8f6	backend/fulfillment-temporal-contract/src/main/java/com/flowzati/archone/orderfulfillment/contract/workflow/OrderFulfillmentWorkflowStatus.java
41bd5c7afc4f126bca994a43a297f20ac1629471e24a1991cfd587fc7df437f8	backend/fulfillment-temporal-contract/src/main/java/com/flowzati/archone/orderfulfillment/contract/workflow/PickingAssignmentSnapshot.java
d06d5e7bb2bb19b8439abce7e5b0a43810d6232cec3348dd5ff3ae03b052a043	backend/fulfillment-temporal-contract/src/main/java/com/flowzati/archone/orderfulfillment/contract/workflow/PickingAssignmentSnapshotLine.java
67aecf324b073225f11ce31c71fdff251865d92250b8eb35ee88ba6085f5144d	backend/fulfillment-temporal-contract/src/main/java/com/flowzati/archone/orderfulfillment/contract/workflow/ShipmentCancelledSignal.java
423e020a41976a66e7ba654f219d1aa270893dda15a3de676ae8f4ef7c8ee550	backend/fulfillment-temporal-contract/src/main/java/com/flowzati/archone/orderfulfillment/contract/workflow/ShipmentHandedOverToCarrierSignal.java
8e56cd069588e52b1ee5fe57599763a2b8bd774801020e240f8ad1a1ae3cd790	backend/fulfillment-temporal-contract/src/main/java/com/flowzati/archone/orderfulfillment/contract/workflow/ShipmentTerminalStatus.java
74c79e25f6ac9cc13bed77cec092744462d49b5d77ab58a1c892b2d02dce3450	backend/fulfillment-temporal-contract/src/main/java/com/flowzati/archone/orderfulfillment/contract/workflow/StockOperationAssignmentSnapshot.java
899c68c895847ead1cb0ac6815cf824f3c18d79aedab29884d85384232f8ba9f	backend/fulfillment-temporal-contract/src/main/java/com/flowzati/archone/orderfulfillment/contract/workflow/StockOperationAssignmentSnapshotLine.java
974bc795c91287b3b85be781c0a388edebaa1bbdf30cbab3704ebea6811bbd76	backend/integration-contracts/src/main/java/com/flowzati/archone/contracts/fulfillment/v1/FulfillmentAggregateTypes.java
8f8e6eca1d3f5750a824d10eba1a07f418e9fb64a3924d01012f7de59255bb60	backend/integration-contracts/src/main/java/com/flowzati/archone/contracts/fulfillment/v1/FulfillmentChannels.java
b44c759dc579a0b5d4fa55bf9f6f4eead87e79f11f9b412e8e6bc753c40090ca	backend/integration-contracts/src/main/java/com/flowzati/archone/contracts/fulfillment/v1/OutboundMovementsCompletedIntegrationEvent.java
ce8eeab5f562e7bd8c146f9495114f1512f8bf12006effd05fe870f80106e87d	backend/integration-contracts/src/main/java/com/flowzati/archone/contracts/fulfillment/v1/ShipmentCancelledIntegrationEvent.java
38a03f1d2881358e6a61372a38e65992e93c55e2dff3355ca5757f9bb8ff1aac	backend/integration-contracts/src/main/java/com/flowzati/archone/contracts/fulfillment/v1/ShipmentHandedOverIntegrationEvent.java
9814e247a05a7a4f6b585555c90dc5f710b982ae25099a82149ed53d2f9899ea	backend/integration-contracts/src/main/java/com/flowzati/archone/contracts/fulfillment/v2/OutboundMovementsCompletedIntegrationEvent.java
ae2aea54ac3f5ea1b375ff27d462465a8936c02afa4e230357636860ef598a14	backend/integration-contracts/src/main/java/com/flowzati/archone/contracts/fulfillment/v2/ShipmentCancelledIntegrationEvent.java
4e21e97b5783088b472e492f0a1626e850267f8cfc81dcc5909ba96fd4426c20	backend/integration-contracts/src/main/java/com/flowzati/archone/contracts/fulfillment/v2/ShipmentHandedOverIntegrationEvent.java
b68328bb13002311cf35e19c2d4dac6b1c4e36ad31b3a778c2f6022ac5948be5	backend/integration-contracts/src/main/java/com/flowzati/archone/contracts/fulfillment/v3/OutboundMovementsCompletedIntegrationEvent.java
9f35832dbff386b19209096ca39ed891667218a366b1b556bf3ad2fd9617db18	backend/integration-contracts/src/main/java/com/flowzati/archone/contracts/fulfillment/v3/ShipmentCancelledIntegrationEvent.java
ca09885f1baefd41175d9bc5be78bf4d785f3d45aa396290bd9a3cc19a6898d5	backend/integration-contracts/src/main/java/com/flowzati/archone/contracts/fulfillment/v3/ShipmentHandedOverIntegrationEvent.java
93e1457a8f7bc5203ee186d0b7a0ca95d4357bb54fd657b9f1885598657e60b9	backend/integration-contracts/src/main/java/com/flowzati/archone/contracts/inventory/v1/InventoryAggregateTypes.java
3966eb61382f8cccc4d286486f54028a959f0bd2d80df9ad74299445ec684e63	backend/integration-contracts/src/main/java/com/flowzati/archone/contracts/inventory/v1/InventoryChannels.java
9d84f5ebfe700b02b5bf0955eb69a01a12de4daffa6d953253aff9a3e71193cd	backend/integration-contracts/src/main/java/com/flowzati/archone/contracts/inventory/v1/StockAvailabilityIncreasedIntegrationEvent.java
ded04b9d182308386d1715f93b20d2b634ceb75fa660dc62c53b9d194b714365	backend/integration-contracts/src/main/java/com/flowzati/archone/contracts/inventory/v1/StockPickingLifecycleIntegrationEvent.java
973a8403594771ad43dd563f227b87f672d7dfac89c1061587e3a6e9f1fb63b1	backend/integration-contracts/src/main/java/com/flowzati/archone/contracts/inventory/v2/InventoryAggregateTypes.java
ca15f13e7a5867102b4af372caeffd8b1cc699f46ba928e8fb023df06f6597c8	backend/integration-contracts/src/main/java/com/flowzati/archone/contracts/inventory/v2/StockOperationAggregateIdentity.java
462e08c40b42152ee9101db3fa7d3c57514c843dcace699eed9031789574aaf0	backend/integration-contracts/src/main/java/com/flowzati/archone/contracts/inventory/v2/StockOperationLifecycleIntegrationEvent.java
b9f1651b2c31596d205d2f0ef123b2587007975f022832a302df6b53864b35f9	backend/integration-contracts/src/main/java/com/flowzati/archone/contracts/ordering/v1/OrderCancelledIntegrationEvent.java
aaa28f9d2a2439ccc2363cb8fa20ebc6fa1e8ca7addb62ffc53bcbb97fcd14c0	backend/integration-contracts/src/main/java/com/flowzati/archone/contracts/ordering/v1/OrderPlacedIntegrationEvent.java
3bb5b22232ca88099e8b549a7dce21df80e46044d813accd9393951149d8cab1	backend/integration-contracts/src/main/java/com/flowzati/archone/contracts/ordering/v1/OrderingAggregateTypes.java
d27b39d029eb9b90bfd93eeabd0d47fb9c1bab8c6803f85cec35b9fc698eca36	backend/integration-contracts/src/main/java/com/flowzati/archone/contracts/ordering/v1/OrderingChannels.java
19b64af1903b1cdaf7db34ce393dadcfb14fdf0c726a57470328061b9a3faf8e	backend/integration-contracts/src/main/java/com/flowzati/archone/contracts/promising/v1/AllocationChannels.java
9d17f064be90202ac83948380dc1380023300bb8f984a9d578c4ef02a62c7e2a	backend/integration-contracts/src/main/java/com/flowzati/archone/contracts/promising/v1/OrderAllocationCommittedIntegrationEvent.java
2147573ff790fd7ec18a3c384ce660f8094655a7ff70a284174612da080603db	backend/integration-contracts/src/main/java/com/flowzati/archone/contracts/promising/v2/OrderAllocationCommittedIntegrationEvent.java
2f9aa9ebec71112d30c91b1d478022363770a408eaa7f243fec8d03b2881aac5	backend/integration-contracts/src/main/java/com/flowzati/archone/contracts/promising/v3/OrderAllocationCommittedIntegrationEvent.java
48754bebf698b2e0bdf7185dcd25d30a065447937b34cbc333d6e14541d70138	backend/integration-contracts/src/main/java/com/flowzati/archone/contracts/stock/v1/StockContentionKey.java
5c62f858d45db76d0c15693f7bca46ef5be602a16d7df33f6dd12dcbcff21069	backend/messaging/messaging-spring-flyway/build/resources/main/db/migration/archone-messaging/V1__create_messaging_schema.sql
5c62f858d45db76d0c15693f7bca46ef5be602a16d7df33f6dd12dcbcff21069	backend/messaging/messaging-spring-flyway/src/main/resources/db/migration/archone-messaging/V1__create_messaging_schema.sql
